Sr No,Name,Price,Brand,Model,Energy Efficiency,Capacity,Annual Energy Consumption,Noise Level,Installation Type,Special Features,Colour,Control Console,Voltage,Material,Included Components,Batteries Included,Batteries Required,Battery Cell Type,Manufacturer,Country of Origin,Link
35,"Blue Star 1.5 Ton 3 Star Split AC (Copper, 2018 Model, FS318AATU, White)","₹ 32,717.00","Blue Star","FS318AATU","3 Star Rating","1.5 Tons","1122.45 Kilowatt Hours","58 dB","Split System","Auto Restart with Memory:Ensure the AC remember the last set mode of the user, and automatically resume functioning with the same pre-set mode, making it more user friendly and convenient, during power cuts, 100% Copper :Blue Star air conditioners condenser coil,evaporator coil and connecting tubes are made of 100% copper, thereby ensuring reliable cooling performance, and longer durability, 2 Way Auto Swing:Ensure comfortable air flow across the room, Hidden Display:Ensure un-interrupted sleep during the night, without any light display on the AC, Self Clean Technology:Ensure clean air; Prohibits the accumulation of any moisture, dust or mold within the indoor unit, Comfort Sleep:Intelligently senses variation in indoor temperature and adjusts the same automatically, to keep you comfortable through the night, IFeel:Ensure the desired comfort around you, with our in-built sensor in the remote, Turbo Cool:Ensure faster more effective cooling in few minutes during summers, Anti Corrosive Gold Fins for Protection:Ensure AC do not form any water or dust deposits, delivering unhindered cooling performance and enhanced durability","White","Remote Control","230 Volts","Plastic","1N Outdoor Unit- W X H X D : 968 X 652.5 X 367 mm , Weight: 44 Kg|| 1N Indoor Unit- W X H X D: 965 X 319 X 215 mm , Weight: 12 kg|| 1N Remote|| 1N Manual|| 1N Installation Kit||1 Warranty Card","No","No","Alkaline","Blue Star Limited","India","https://amazon.in/Blue-Star-Split-Copper-FS318AATU/dp/B07YBBCT9P/ref=sr_1_1_sspa?crid=38PBPKRGYG0VE&dchild=1&keywords=samsung+split+ac+1.5+ton+5+star&qid=1611393857&refinements=p_n_feature_eleven_browse-bin%3A2753098031%2Cp_72%3A1318477031&rnid=1318475031&s=kitchen&sprefix=samsung+split+ac%2Caps%2C283&sr=1-1-spons&psc=1"
27,"Panasonic 1.5 Ton 5 Star Wi-Fi Inverter Split AC (Copper, Nanoe air purification technology, 2020 Model, CS/CU-XU18WKYF, White)","₹ 44,100.00","Panasonic","CS/CU-XU18WKYF","5 Star Rating","1.5 Tons","848.28 Kilowatt Hours",,"Split System","Inverter, Antibacterial_coating, Dust_filter, Wifi_control, Dehumidifier, Air_purifier","White","Remote Control","230 Volts","Plastic","1 Indoor Unit, 1 Outdoor Unit, 1 Remote Controller,User Manual, Warranty Card","Yes","Yes","Zinc Carbon","Panasonic","India","https://amazon.in/Panasonic-Inverter-CS-CU-XU18WKYF-Powered/dp/B0862QQMNB/ref=sr_1_2_sspa?crid=38PBPKRGYG0VE&dchild=1&keywords=samsung+split+ac+1.5+ton+5+star&qid=1611393857&refinements=p_n_feature_eleven_browse-bin%3A2753098031%2Cp_72%3A1318477031&rnid=1318475031&s=kitchen&sprefix=samsung+split+ac%2Caps%2C283&sr=1-2-spons&psc=1"
75,"Samsung 1.5 Ton 5 Star Inverter Split AC (Copper, AR18TY5QAWK, White)","₹ 39,990.00","Samsung","AR18TY5QAWK","5 Star Rating","1.5 Tons","4.5 Kilowatt Hours","35 dB","Split System","Inverter, Antibacterial_coating, Dust_filter, Dehumidifier, Air_purifier","White","Remote Control","230 Volts","Plastic","1 Indoor Unit, 1 Outdoor unit, 1 user manual and warranty card, Connecting Tube (3 m), Connecting Wire (3.5 m),Remote,Batteries (AAA)","Yes","Yes","Zinc Carbon","Samsung india Pvt Ltd",,"https://amazon.in/Samsung-Inverter-Split-Copper-AR18TY5QAWK/dp/B0852MYW6Y/ref=sr_1_3?crid=38PBPKRGYG0VE&dchild=1&keywords=samsung+split+ac+1.5+ton+5+star&qid=1611393857&refinements=p_n_feature_eleven_browse-bin%3A2753098031%2Cp_72%3A1318477031&rnid=1318475031&s=kitchen&sprefix=samsung+split+ac%2Caps%2C283&sr=1-3"
30,"Samsung 1.5 Ton 3 Star Inverter Split AC (Alloy AR18NV3HLTRStar Flower White)","₹ 46,600.00","Samsung","AR18NV3HLTR","3 Star","1.5 Tons",,"109 dB","Split System","Inverter","Star Flower White","Remote Control","240 Volts","Alloy","1 Indoor Unit 1 Outdoor Unit Inter Connecting Pipe 1 Remote 3 Manuals 1 Warranty Card",,"No","Alkaline","Samsung India Electronics Limited","India","https://amazon.in/Samsung-Inverter-Split-AR18NV3HLTR-Flower/dp/B078RPNJZ2/ref=sr_1_4?crid=38PBPKRGYG0VE&dchild=1&keywords=samsung+split+ac+1.5+ton+5+star&qid=1611393857&refinements=p_n_feature_eleven_browse-bin%3A2753098031%2Cp_72%3A1318477031&rnid=1318475031&s=kitchen&sprefix=samsung+split+ac%2Caps%2C283&sr=1-4"
10,"Samsung 1.5 Ton 3 Star Inverter Split AC (Copper AR18TV3HFTZ White Paradise Bloom)",,"Samsung","AR18TV3HFTZ","3 Star","1.5 Tons","3.61 Kilowatt Hours","43 dB","Split System","Inverter, Antibacterial_coating, Dust_filter, Dehumidifier, Air_purifier","White","Remote Control","230 Volts","Plastic","1 Indoor Unit 1 Outdoor unit 1 user manual and warranty card Connecting Tube (3 m) Connecting Wire (3.5 m)RemoteBatteries (AAA)","Yes","Yes","Zinc Carbon","Samsung india Pvt Ltd",,"https://amazon.in/Samsung-Inverter-Copper-AR18TV3HFTZ-Paradise/dp/B084LGM4MS/ref=sr_1_5?crid=38PBPKRGYG0VE&dchild=1&keywords=samsung+split+ac+1.5+ton+5+star&qid=1611393857&refinements=p_n_feature_eleven_browse-bin%3A2753098031%2Cp_72%3A1318477031&rnid=1318475031&s=kitchen&sprefix=samsung+split+ac%2Caps%2C283&sr=1-5"
1,"Samsung 1.5 Ton 3 Star Inverter Split AC (Copper, AR18TY3QCPU, White)","₹ 39,990.00","Samsung","AR18TY3QCPU","3 Star Rating","1.5 Tons","3.5 Kilowatt Hours",,"Split System","Inverter, Antibacterial_coating, Dust_filter, Dehumidifier, Air_purifier","White","Remote Control","230 Volts","Plastic","1 Indoor Unit, 1 Outdoor unit, 1 user manual and warranty card, Connecting Tube (3 m), Connecting Wire (3.5 m),Remote,Batteries (AAA)","Yes","Yes","Zinc Carbon","Samsung india Pvt Ltd",,"https://amazon.in/Samsung-Inverter-Split-Copper-AR18TY3QCPU/dp/B0862NQH6P/ref=sr_1_6?crid=38PBPKRGYG0VE&dchild=1&keywords=samsung+split+ac+1.5+ton+5+star&qid=1611393857&refinements=p_n_feature_eleven_browse-bin%3A2753098031%2Cp_72%3A1318477031&rnid=1318475031&s=kitchen&sprefix=samsung+split+ac%2Caps%2C283&sr=1-6"
12,"Samsung 1.5 Ton 3 Star (2017) Split AC (AR18MC3ULGM White)","₹ 35,331.00","Samsung","AR18MC3ULGMNNA","3 Star","1.5 Tons",,"42 dB","Split System","Antibacterial_coating","White","Remote Control",,,"1 main unit and warranty card",,,"Alkaline","Samsung","India","https://amazon.in/Samsung-Star-Split-AR18MC3ULGM-White/dp/B01MT81GPR/ref=sr_1_7?crid=38PBPKRGYG0VE&dchild=1&keywords=samsung+split+ac+1.5+ton+5+star&qid=1611393857&refinements=p_n_feature_eleven_browse-bin%3A2753098031%2Cp_72%3A1318477031&rnid=1318475031&s=kitchen&sprefix=samsung+split+ac%2Caps%2C283&sr=1-7"
18,"Samsung 1.5 Ton 3 Star Inverter Split AC (Copper, AR18TY3QBBR, White)","₹ 33,900.00","Samsung","AR18TY3QBBR","3 Star Rating","1.5 Tons","3.5 Kilowatt Hours",,"Split System","Inverter, Dust_filter, Dehumidifier, Air_purifier","White","Remote Control","230 Volts","Plastic","1 Indoor Unit, 1 Outdoor unit, 1 user manual and warranty card, Connecting Tube (3 m), Connecting Wire (3.5 m),Remote,Batteries (AAA)","Yes","Yes","Zinc Carbon","Samsung india Pvt Ltd",,"https://amazon.in/Samsung-Inverter-Split-Copper-AR18TY3QBBR/dp/B0862NKZJJ/ref=sr_1_8?crid=38PBPKRGYG0VE&dchild=1&keywords=samsung+split+ac+1.5+ton+5+star&qid=1611393857&refinements=p_n_feature_eleven_browse-bin%3A2753098031%2Cp_72%3A1318477031&rnid=1318475031&s=kitchen&sprefix=samsung+split+ac%2Caps%2C283&sr=1-8"
44,"Hitachi 1.5 Ton 5 Star Inverter Split AC (Copper RSOG518HDEA Gold)","₹ 39,890.00","Hitachi","RSOG518HDEA","5 Star","1.5 Tons","897.84 Kilowatt Hours","34 dB","Split System","Inverter, Antibacterial_coating, Dust_filter, Dehumidifier, Air_purifier","Gold","Remote Control","230 Volts","Plastic","1 Indoor Unit, 1 Outdoor Unit, Inter Connecting Pipe, 1 Remote, 1 Manuals, 1 Warranty Card","Yes","Yes","Zinc Carbon","JOHNSON CONTROLS-HITACHI AIRCONDITIONING INDIA LIMITED","India","https://amazon.in/Hitachi-Inverter-Split-Copper-RSOG518HDEA/dp/B084QSD48P/ref=sr_1_9?crid=38PBPKRGYG0VE&dchild=1&keywords=samsung+split+ac+1.5+ton+5+star&qid=1611393857&refinements=p_n_feature_eleven_browse-bin%3A2753098031%2Cp_72%3A1318477031&rnid=1318475031&s=kitchen&sprefix=samsung+split+ac%2Caps%2C283&sr=1-9"
59,"Sanyo 1.5 Ton 5 Star Dual Inverter Wide Split AC (Copper, 2020 Model, SI/SO-15T5SCIC White)","₹ 32,790.00","Sanyo","SI/SO-15T5SCIC","5 Star","1.5 Tons","840.75 Kilowatt Hours","43 dB","Split System","Inverter, Dust_filter, Dehumidifier, Air_purifier","White","Remote Control","230 Volts","Plastic","1 Indoor Unit 1 Outdoor Unit 2 Piping Assembly 1 Remote 2 AAA Batteries 1 Indoor to Outdoor Power Supply Cord 1 Indoor to Main Power Supply Cord 1 Assembly Manual 1 Warranty Card","Yes","Yes","Zinc Carbon","Panasonic","India","https://amazon.in/Sanyo-Inverter-Copper-SI-SO-15T5SCIC/dp/B084CLXCY2/ref=sr_1_10?crid=38PBPKRGYG0VE&dchild=1&keywords=samsung+split+ac+1.5+ton+5+star&qid=1611393857&refinements=p_n_feature_eleven_browse-bin%3A2753098031%2Cp_72%3A1318477031&rnid=1318475031&s=kitchen&sprefix=samsung+split+ac%2Caps%2C283&sr=1-10"
76,"Sanyo 1.5 Ton 3 Star Dual Inverter Split AC (Copper, PM 2.5 Filter, 2020 Model, SI/SO-15T3SCIC White)","₹ 27,990.00","Sanyo","SI/SO-15T3SCIC","3 Star","1.5 Tons","1050.21 Kilowatt Hours","43 dB","Split System","Inverter, Dust_filter, PM 2.5 Filter, Dehumidifier, Air_purifier","White","Remote Control","230 Volts","Plastic","1 Indoor Unit 1 Outdoor Unit 2 Piping Assembly 1 Remote 2 AAA Batteries 1 Indoor to Outdoor Power Supply Cord 1 Indoor to Main Power Supply Cord 1 Assembly Manual 1 Warranty Card","Yes","Yes","Zinc Carbon","Panasonic","India","https://amazon.in/Sanyo-Inverter-Copper-SI-SO-15T3SCIC/dp/B084WCFN9P/ref=sr_1_11_sspa?crid=38PBPKRGYG0VE&dchild=1&keywords=samsung+split+ac+1.5+ton+5+star&qid=1611393857&refinements=p_n_feature_eleven_browse-bin%3A2753098031%2Cp_72%3A1318477031&rnid=1318475031&s=kitchen&sprefix=samsung+split+ac%2Caps%2C283&sr=1-11-spons&psc=1"
41,"Samsung 1.5 Ton 3 Star Inverter Split AC (Copper, AR18TY3QBBU, White)","₹ 33,990.00","Samsung","AR18TY3QBBU","3 Star Rating","1.5 Tons","3.5 Kilowatt Hours","41 dB","Split System","Antibacterial_coating","White","Remote Control","230 Volts","Plastic","1 main unit and warranty card","Yes","Yes","Zinc Carbon","Samsung india Pvt Ltd",,"https://amazon.in/Samsung-Inverter-Split-Copper-AR18TY3QBBU/dp/B0852NDYSY/ref=sr_1_12?crid=38PBPKRGYG0VE&dchild=1&keywords=samsung+split+ac+1.5+ton+5+star&qid=1611393857&refinements=p_n_feature_eleven_browse-bin%3A2753098031%2Cp_72%3A1318477031&rnid=1318475031&s=kitchen&sprefix=samsung+split+ac%2Caps%2C283&sr=1-12"
47,"Daikin 1.5 Ton 5 Star Inverter Split AC (Copper, PM 0.1 Filter, 2018 Model, JTKJ50TV White)","₹ 46,990.00","Daikin","JTKJ50TV","5 Star Rating","1.5 Tons",,"28 dB","Split System","Inverter, Dust_filter, Patented streamer discharge technology and PM 0.1 Filter, Air_purifier","White","Remote Control","230 Volts","Plastic","1 Indoor Unit, 1 Outdoor Unit, Inter Connecting Pipe, 1 Remote, 3 Manuals, 1 Warranty Card","Yes","No","Zinc","Daikin Airconditioning India Pvt. Ltd.","India","https://amazon.in/Daikin-Inverter-Split-Copper-JTKJ50TV/dp/B07HFFRC3V/ref=sr_1_13?crid=38PBPKRGYG0VE&dchild=1&keywords=samsung+split+ac+1.5+ton+5+star&qid=1611393857&refinements=p_n_feature_eleven_browse-bin%3A2753098031%2Cp_72%3A1318477031&rnid=1318475031&s=kitchen&sprefix=samsung+split+ac%2Caps%2C283&sr=1-13"
49,"Hitachi 1.5 Ton 3 Star Split AC ZUNOH 3100f - R32 (Copper RSM318HDDO white)","₹ 31,860.00","Hitachi","RSM318HDDO","3 Star","1.5 Tons","1157 Kilowatt Hours","43 dB","Split System","Antibacterial_coating, Dust_filter, Dehumidifier, Air_purifier","White","Remote Control","230 Volts","Plastic","1 Indoor Unit, 1 Outdoor Unit, Inter Connecting Pipe, 1 Remote, 1 Manuals, 1 Warranty Card","Yes","Yes","Zinc Carbon","JOHNSON CONTROLS-HITACHI AIRCONDITIONING INDIA LIMITED","India","https://amazon.in/Hitachi-Star-Split-ZUNOH-3100f/dp/B08518FPX9/ref=sr_1_14?crid=38PBPKRGYG0VE&dchild=1&keywords=samsung+split+ac+1.5+ton+5+star&qid=1611393857&refinements=p_n_feature_eleven_browse-bin%3A2753098031%2Cp_72%3A1318477031&rnid=1318475031&s=kitchen&sprefix=samsung+split+ac%2Caps%2C283&sr=1-14"
58,"Samsung 1.5 Ton 3 Star Inverter Split AC (Copper, AR18RG3BAWK, White)","₹ 37,990.00","Samsung","AR18RG3BAWKNNA","3 Star","1.5 Tons","3.5 Kilowatt Hours","42 dB","Split System","Antibacterial_coating, inverter","White","Remote Control","230 Volts","Plastic","1 main unit and warranty card","Yes","Yes","Zinc Carbon","Samsung india Pvt Ltd",,"https://amazon.in/Samsung-Inverter-Split-Copper-AR18RG3BAWK/dp/B083GQGG96/ref=sr_1_15?crid=38PBPKRGYG0VE&dchild=1&keywords=samsung+split+ac+1.5+ton+5+star&qid=1611393857&refinements=p_n_feature_eleven_browse-bin%3A2753098031%2Cp_72%3A1318477031&rnid=1318475031&s=kitchen&sprefix=samsung+split+ac%2Caps%2C283&sr=1-15"
77,"LG 1.5 Ton 5 Star Inverter Split AC (Copper, LS-Q18YNZA, Convertible 4-in-1 Cooling, 2020 Model, White)",,"LG","LS-Q18YNZA","5 Star Rating","1.5 Tons","835.5 Kilowatt Hours","31 dB","Split System","Inverter,dust_filter,dehumidifier,Auto clean , Ez Clean Filter , Cools @ 52°C","White","Remote Control","230 Volts","Plastic","1 Indoor Unit, 1 Outdoor Unit, Inter Connecting Pipe, 1 Remote, 1 Manuals, 1 Warranty Card, 2 Batteries, Inter connecting wire","Yes","No","Zinc Carbon","LG Electronics",,"https://amazon.in/LG-Inverter-LS-Q18YNZA-Convertible-Cooling/dp/B082TGKFBZ/ref=sr_1_16?crid=38PBPKRGYG0VE&dchild=1&keywords=samsung+split+ac+1.5+ton+5+star&qid=1611393857&refinements=p_n_feature_eleven_browse-bin%3A2753098031%2Cp_72%3A1318477031&rnid=1318475031&s=kitchen&sprefix=samsung+split+ac%2Caps%2C283&sr=1-16"
64,"Panasonic 1.5 Ton 5 Star Wi-Fi Twin Cool Inverter Split AC (Copper, PM 2.5 Filter, 2020 Model, CS/CU-NU18WKYW White)","₹ 41,066.00","Panasonic","CS/CU-NU18WKYW","5 Star Rating","1.5 Tons","840.75 Kilowatt Hours","43 dB","Split System","Inverter,dust_filter,antibacterial_coating,dehumidifier, Wifi_control, PM 2.5 Filter","White","Remote Control","230 Volts","Plastic","1 Indoor Unit, 1 Outdoor Unit, 1 Remote Controller, Piping Kit, 2 AAA batteries,User Manual","Yes","Yes","Zinc Carbon","Panasonic India Private Limited","India","https://amazon.in/Panasonic-Inverter-Copper-CS-CU-NU18WKYW/dp/B084365NVF/ref=sr_1_17?crid=38PBPKRGYG0VE&dchild=1&keywords=samsung+split+ac+1.5+ton+5+star&qid=1611393857&refinements=p_n_feature_eleven_browse-bin%3A2753098031%2Cp_72%3A1318477031&rnid=1318475031&s=kitchen&sprefix=samsung+split+ac%2Caps%2C283&sr=1-17"
3,"Samsung 1.5 Ton 3 Star Inverter Split AC (Alloy AR18NV3JLMCNNA Blue Strip)",,"Samsung","AR18NV3JLMCNNA","3 Star","1.5 Tons",,"43 dB","Split System","Inverter","Blue Strip","Remote Control","240 Volts","Plastic","1 Indoor Unit 1 Outdoor Unit Inter Connecting Pipe 1 Remote 3 Manuals 1 Warranty Card",,"No","Alkaline","Samsung India Electronics Limited",,"https://amazon.in/Samsung-Inverter-Split-Alloy-AR18NV3JLMCNNA/dp/B078Y4L4D4/ref=sr_1_18?crid=38PBPKRGYG0VE&dchild=1&keywords=samsung+split+ac+1.5+ton+5+star&qid=1611393857&refinements=p_n_feature_eleven_browse-bin%3A2753098031%2Cp_72%3A1318477031&rnid=1318475031&s=kitchen&sprefix=samsung+split+ac%2Caps%2C283&sr=1-18"
11,"Voltas 1.5 Ton 5 Star Inverter Split AC (Copper SAC_185V_JZJT (R32) White)","₹ 37,490.00","Voltas","185V_JZJT(R32)","5 Star","1.5 Tons","892.32 Kilowatt Hours","43 dB","Split System","Special Features: Antibacterial_Filter;Dust_Filter;Air_Purifier Refrigerant gas: R32, Included in the box: Indoor Unit, Outdoor Unit, Remote Control, User manual, Warranty Card","White",,,,"Indoor Unit, Outdoor Unit, Remote Control, User manual, Warranty Card",,"No",,"VOLTAS LIMITED",,"https://amazon.in/Voltas-Inverter-Copper-SAC_185V_JZJT-R32/dp/B089D2666Q/ref=sr_1_19?crid=38PBPKRGYG0VE&dchild=1&keywords=samsung+split+ac+1.5+ton+5+star&qid=1611393857&refinements=p_n_feature_eleven_browse-bin%3A2753098031%2Cp_72%3A1318477031&rnid=1318475031&s=kitchen&sprefix=samsung+split+ac%2Caps%2C283&sr=1-19"
62,"Daikin 1.5 Ton 5 Star Wi-Fi Inverter Split AC (Copper, Anti Microbial Filter, 2018 Model, FTKR50TV, White)","₹ 49,490.00","Daikin","FTKR50TV","5 Star Rating","1.5 Tons","824.08 Kilowatt Hours","35 dB","Split System","Inverter, Dust_filter, Wifi_control, Anti microbial filter","White","Remote Control","230 Volts","Plastic","1 Indoor Unit, 1 Outdoor Unit, Inter Connecting Pipe, 1 Remote, 3 Manuals, 1 Warranty Card","Yes","No","Zinc","Daikin Airconditioning India Pvt. Ltd.","India","https://amazon.in/Daikin-Wi-Fi-Inverter-Copper-FTKR50TV/dp/B07QDSN48M/ref=sr_1_20_sspa?crid=38PBPKRGYG0VE&dchild=1&keywords=samsung+split+ac+1.5+ton+5+star&qid=1611393857&refinements=p_n_feature_eleven_browse-bin%3A2753098031%2Cp_72%3A1318477031&rnid=1318475031&s=kitchen&sprefix=samsung+split+ac%2Caps%2C283&sr=1-20-spons&psc=1"
22,"LG 1.5 Ton 4 Star Inverter Split AC (Copper, MS-Q18HNYA, Super Convertible 5-in-1, Anti-Virus Protection, White)","₹ 37,990.00","LG","MS-Q18HNYA",,"1.5 Tons","920.82 Kilowatt Hours","31 dB","Split System","Dust Filter, Dehumidifier, Anti-bacterial Filter","White",,"230 Volts",,"1 Indoor Unit, 1 Outdoor Unit, Inter Connecting Pipe, 1 Remote, 2 Manuals with Warranty Card, 2 Batteries","Yes","No","Lithium Manganese Dioxide","LG","India","https://amazon.in/LG-MS-Q18HNYA-Convertible-Anti-Virus-Protection/dp/B08R93PZK5/ref=sr_1_21_sspa?crid=38PBPKRGYG0VE&dchild=1&keywords=samsung+split+ac+1.5+ton+5+star&qid=1611393857&refinements=p_n_feature_eleven_browse-bin%3A2753098031%2Cp_72%3A1318477031&rnid=1318475031&s=kitchen&sprefix=samsung+split+ac%2Caps%2C283&sr=1-21-spons&psc=1"
63,"Daikin 1.5 Ton 5 Star Inverter Split AC (Copper, Anti Microbial Filter, 2018 Model, FTKG50TV White)","₹ 41,900.00","Daikin","FTKG50TV","5 Star Rating","1.5 Tons","824 Kilowatt Hours","35 dB","Split System","Inverter, Antibacterial_coating, Dust_filter, Anti microbial filter","White","Remote Control","230 Volts","Plastic","1 Indoor Unit, 1 Outdoor Unit, Inter Connecting Pipe, 1 Remote, 3 Manuals, 1 Warranty Card","Yes","No","Zinc","Daikin Airconditioning India Pvt. Ltd.","India","https://amazon.in/Daikin-Inverter-Split-Copper-FTKG50TV16U/dp/B07QMBVPGY/ref=sr_1_22_sspa?crid=38PBPKRGYG0VE&dchild=1&keywords=samsung+split+ac+1.5+ton+5+star&qid=1611393857&refinements=p_n_feature_eleven_browse-bin%3A2753098031%2Cp_72%3A1318477031&rnid=1318475031&s=kitchen&sprefix=samsung+split+ac%2Caps%2C283&sr=1-22-spons&psc=1"
70,"Sanyo 1.5 Ton 5 Star Dual Inverter Wide Split AC (Copper, 2020 Model, SI/SO-15T5SCIC White)","₹ 32,790.00","Sanyo","SI/SO-15T5SCIC","5 Star","1.5 Tons","840.75 Kilowatt Hours","43 dB","Split System","Inverter, Dust_filter, Dehumidifier, Air_purifier","White","Remote Control","230 Volts","Plastic","1 Indoor Unit 1 Outdoor Unit 2 Piping Assembly 1 Remote 2 AAA Batteries 1 Indoor to Outdoor Power Supply Cord 1 Indoor to Main Power Supply Cord 1 Assembly Manual 1 Warranty Card","Yes","Yes","Zinc Carbon","Panasonic","India","https://amazon.in/Sanyo-Inverter-Copper-SI-SO-15T5SCIC/dp/B084CLXCY2/ref=sr_1_17_sspa?crid=38PBPKRGYG0VE&dchild=1&keywords=samsung+split+ac+1.5+ton+5+star&qid=1611462461&refinements=p_n_feature_eleven_browse-bin%3A2753098031%2Cp_72%3A1318477031&rnid=1318475031&s=kitchen&sprefix=samsung+split+ac%2Caps%2C283&sr=1-17-spons&psc=1"
78,"AmazonBasics 1.5 Ton 5 Star 2020 Inverter Split AC (Copper Condenser Advanced Motor White)","₹ 28,499.00","AmazonBasics","PBAC18K5INV201","5 Star Rating","1.5 Tons",,"38 dB","Split System","Inverter, Antibacterial_coating, Dust_filter, Dehumidifier, Air_purifier","White","Remote Control","230 Volts","Plastic","1 Indoor Unit 1 Outdoor Unit Inter Connecting Pipe 1 Remote 2 Manuals and 1 Warranty Card",,"No","Alkaline","AmazonBasics","India","https://amazon.in/AmazonBasics-Star-Inverter-Conditioner-LEEL/dp/B07L44L1GP/ref=sr_1_18_sspa?crid=38PBPKRGYG0VE&dchild=1&keywords=samsung+split+ac+1.5+ton+5+star&qid=1611462461&refinements=p_n_feature_eleven_browse-bin%3A2753098031%2Cp_72%3A1318477031&rnid=1318475031&s=kitchen&sprefix=samsung+split+ac%2Caps%2C283&sr=1-18-spons&psc=1"
69,"Samsung 1.5 Ton 3 Star Inverter Split AC (Copper, AR18RG3BAWK, White)","₹ 37,990.00","Samsung","AR18RG3BAWKNNA","3 Star","1.5 Tons","3.5 Kilowatt Hours","42 dB","Split System","Antibacterial_coating, inverter","White","Remote Control","230 Volts","Plastic","1 main unit and warranty card","Yes","Yes","Zinc Carbon","Samsung india Pvt Ltd",,"https://amazon.in/Samsung-Inverter-Split-Copper-AR18RG3BAWK/dp/B083GQGG96/ref=sr_1_19?crid=38PBPKRGYG0VE&dchild=1&keywords=samsung+split+ac+1.5+ton+5+star&qid=1611462461&refinements=p_n_feature_eleven_browse-bin%3A2753098031%2Cp_72%3A1318477031&rnid=1318475031&s=kitchen&sprefix=samsung+split+ac%2Caps%2C283&sr=1-19"
23,"Sanyo 1.5 Ton 3 Star Dual Inverter Split AC (Copper, PM 2.5 Filter, 2020 Model, SI/SO-15T3SCIC White)","₹ 27,990.00","Sanyo","SI/SO-15T3SCIC","3 Star","1.5 Tons","1050.21 Kilowatt Hours","43 dB","Split System","Inverter, Dust_filter, PM 2.5 Filter, Dehumidifier, Air_purifier","White","Remote Control","230 Volts","Plastic","1 Indoor Unit 1 Outdoor Unit 2 Piping Assembly 1 Remote 2 AAA Batteries 1 Indoor to Outdoor Power Supply Cord 1 Indoor to Main Power Supply Cord 1 Assembly Manual 1 Warranty Card","Yes","Yes","Zinc Carbon","Panasonic","India","https://amazon.in/Sanyo-Inverter-Copper-SI-SO-15T3SCIC/dp/B084WCFN9P/ref=sr_1_20?crid=38PBPKRGYG0VE&dchild=1&keywords=samsung+split+ac+1.5+ton+5+star&qid=1611462461&refinements=p_n_feature_eleven_browse-bin%3A2753098031%2Cp_72%3A1318477031&rnid=1318475031&s=kitchen&sprefix=samsung+split+ac%2Caps%2C283&sr=1-20"
51,"TCL Elite Turbo 1.5 ton 3 Star Ultra-Inverter Split AC (Copper, TAC-18CSD/V3, White, Fast cooling)","₹ 27,999.00","TCL","V3","3 Star Rating","1.5 Tons","1077 Kilowatt Hours Per Year","45 dB","Split System","Inverter, Dust_filter, Dehumidifier","White","Remote Control","230 Volts","Plastic","1 Indoor Unit, 1 Outdoor Unit, Inter Connecting Pipe, 1 Remote, 1 Warranty Card","Yes","Yes","Zinc Carbon","TCL","China","https://amazon.in/TCL-Ultra-Inverter-TAC-18CSD-V3-cooling/dp/B083STBWR8/ref=sr_1_21?crid=38PBPKRGYG0VE&dchild=1&keywords=samsung+split+ac+1.5+ton+5+star&qid=1611462461&refinements=p_n_feature_eleven_browse-bin%3A2753098031%2Cp_72%3A1318477031&rnid=1318475031&s=kitchen&sprefix=samsung+split+ac%2Caps%2C283&sr=1-21"
21,"Voltas 1.5 Ton 5 Star Inverter Split AC (Copper SAC_185V_JZJT (R32) White)","₹ 37,490.00","Voltas","185V_JZJT(R32)","5 Star","1.5 Tons","892.32 Kilowatt Hours","43 dB","Split System","Special Features: Antibacterial_Filter;Dust_Filter;Air_Purifier Refrigerant gas: R32, Included in the box: Indoor Unit, Outdoor Unit, Remote Control, User manual, Warranty Card","White",,,,"Indoor Unit, Outdoor Unit, Remote Control, User manual, Warranty Card",,"No",,"VOLTAS LIMITED",,"https://amazon.in/Voltas-Inverter-Copper-SAC_185V_JZJT-R32/dp/B089D2666Q/ref=sr_1_22?crid=38PBPKRGYG0VE&dchild=1&keywords=samsung+split+ac+1.5+ton+5+star&qid=1611462461&refinements=p_n_feature_eleven_browse-bin%3A2753098031%2Cp_72%3A1318477031&rnid=1318475031&s=kitchen&sprefix=samsung+split+ac%2Caps%2C283&sr=1-22"
56,"Blue Star 1.5 Ton 3 Star Inverter Split AC (Copper, IC318QATU, White + Champagne Gold)","₹ 35,990.00","Blue Star","IC318QATU","3 Star","1.5 Tons","1079.25 Kilowatt Hours",,"Split System","Inverter, Dust_filter, Dehumidifier","White + Champagne Gold","Remote Control","230 Volts","Iron","1 Indoor Unit, 1 Outdoor Unit, Inter Connecting Pipe, 1 Remote, User Manual, 1 Warranty Card","No","Yes",,"Blue Star","India","https://amazon.in/Blue-Star-Inverter-IC318QATU-Champagne/dp/B081QBVYRH/ref=sr_1_23?crid=38PBPKRGYG0VE&dchild=1&keywords=samsung+split+ac+1.5+ton+5+star&qid=1611462461&refinements=p_n_feature_eleven_browse-bin%3A2753098031%2Cp_72%3A1318477031&rnid=1318475031&s=kitchen&sprefix=samsung+split+ac%2Caps%2C283&sr=1-23"
31,"Samsung 1.5 Ton 3 Star (2017) Split AC (AR18MC3ULGM White)","₹ 35,331.00","Samsung","AR18MC3ULGMNNA","3 Star","1.5 Tons",,"42 dB","Split System","Antibacterial_coating","White","Remote Control",,,"1 main unit and warranty card",,,"Alkaline","Samsung","India","https://amazon.in/Samsung-Star-Split-AR18MC3ULGM-White/dp/B01MT81GPR/ref=sr_1_24?crid=38PBPKRGYG0VE&dchild=1&keywords=samsung+split+ac+1.5+ton+5+star&qid=1611462461&refinements=p_n_feature_eleven_browse-bin%3A2753098031%2Cp_72%3A1318477031&rnid=1318475031&s=kitchen&sprefix=samsung+split+ac%2Caps%2C283&sr=1-24"
52,"Blue Star 1.5 Ton 3 Star Split AC (Copper, 2018 Model, FS318AATX, White)","₹ 30,990.00","Blue Star","FS318AATX","3 Star Rating","1.5 Tons","1076.01 Kilowatt Hours","47 dB","Split System","Auto Restart with Memory:Ensure the AC remember the last set mode of the user, and automatically resume functioning with the same pre-set mode, making it more user friendly and convenient, during power cuts, 2 Way Auto Swing:Ensure comfortable air flow across the room, Hidden Display:Ensure un-interrupted sleep during the night, without any light display on the AC, Self Clean Technology:Ensure clean air; Prohibits the accumulation of any moisture, dust or mold within the indoor unit, Comfort Sleep:Intelligently senses variation in indoor temperature and adjusts the same automatically, to keep you comfortable through the night, Long life MCHX Condenser Coil:Backed with 1 plus 4 years additional warranty, the Long life Micro Channel Heat Exchanger provides improved heat transfer and excellent cooling performance, IFeel:Ensure the desired comfort around you, with our in-built sensor in the remote, Anti Corrosive Gold Fins for Protection:Ensure AC do not form any water or dust deposits, delivering unhindered cooling performance and enhanced durability, Self Diagnosis:Alert the user about any fault in the AC operation immediately, through error display; you can report to Blue Star authorised customer care center for quick resolution","White","Remote Control","230 Volts","Plastic","1N Outdoor Unit- W X H X D : 858 X 536 X 327 mm , Weight: 37 Kg|| 1N Indoor Unit- W X H X D: 965 X 319 X 215 mm , Weight: 12 kg|| 1N Remote|| 1N Manual|| 1N Installation Kit||1 Warranty Card","Yes","Yes","Alkaline","Blue Star Limited","India","https://amazon.in/Blue-Star-Split-FS318AATX-White/dp/B07P96MZXC/ref=sr_1_25?crid=38PBPKRGYG0VE&dchild=1&keywords=samsung+split+ac+1.5+ton+5+star&qid=1611462461&refinements=p_n_feature_eleven_browse-bin%3A2753098031%2Cp_72%3A1318477031&rnid=1318475031&s=kitchen&sprefix=samsung+split+ac%2Caps%2C283&sr=1-25"
42,"Panasonic 1.5 Ton 5 Star Wi-Fi Inverter Split AC (Copper, Nanoe air purification technology, 2020 Model, CS/CU-XU18WKYF, White)","₹ 44,100.00","Panasonic","CS/CU-XU18WKYF","5 Star Rating","1.5 Tons","848.28 Kilowatt Hours",,"Split System","Inverter, Antibacterial_coating, Dust_filter, Wifi_control, Dehumidifier, Air_purifier","White","Remote Control","230 Volts","Plastic","1 Indoor Unit, 1 Outdoor Unit, 1 Remote Controller,User Manual, Warranty Card","Yes","Yes","Zinc Carbon","Panasonic","India","https://amazon.in/Panasonic-Inverter-CS-CU-XU18WKYF-Powered/dp/B0862QQMNB/ref=sr_1_26?crid=38PBPKRGYG0VE&dchild=1&keywords=samsung+split+ac+1.5+ton+5+star&qid=1611462461&refinements=p_n_feature_eleven_browse-bin%3A2753098031%2Cp_72%3A1318477031&rnid=1318475031&s=kitchen&sprefix=samsung+split+ac%2Caps%2C283&sr=1-26"
46,"Blue Star 1.5 Ton 5 Star Inverter Split AC (Alloy, 2020 Model, IC518DBTX, White)","₹ 38,491.00","Blue Star","IC518DBTX","5 Star Rating","1.5 Tons","841.67 Kilowatt Hours","41 dB","Split System","Hidden Display:Ensure un-interrupted sleep during the night, without any light display on the AC, Brushless DC Motor:Ensure quiet operation; deliver better performance and enhanced durability for the AC, High Cooling Performance:Designed to deliver powerful cooling during extreme summers with minimum derating, Powerful Mode:Unique fuzzy logic feature,the Powerful mode ensure the AC delivers fastest cooling during extreme summer conditions, ensuring utmost comfort, Long life MCHX Condenser Coil:Backed with 1 plus 4 years additional warranty, the Long life Micro Channel Heat Exchanger provides improved heat transfer and excellent cooling performance, Auto adjustable, Precision Cooling Technology:You can set the temperature precisely, interms of decimal by 0.5 degree celsius, for utmost comfortable cooling, Climate Control:Instantly sets the most desirable cooling mode for different types of climate throughout the year, IFeel:Ensure the desired comfort around you, with our in-built sensor in the remote, Dual User Setting Preference:Allow two users to personalise the AC settings at home, to enjoy the desired cooling experience;two users can personalise and save the settings as per their comfort; and, instantly activate their preferred mode to enjoy comfortable cooling","White","Remote Control","230 Volts","Plastic","1 Indoor Unit, 1 Outdoor Unit, Installation Kit, Manual, Remote and Warranty Card","Yes","Yes","Alkaline","Blue Star","India","https://amazon.in/Blue-Star-Inverter-Split-IC518DBTX/dp/B0843GL1BQ/ref=sr_1_27_sspa?crid=38PBPKRGYG0VE&dchild=1&keywords=samsung+split+ac+1.5+ton+5+star&qid=1611462461&refinements=p_n_feature_eleven_browse-bin%3A2753098031%2Cp_72%3A1318477031&rnid=1318475031&s=kitchen&sprefix=samsung+split+ac%2Caps%2C283&sr=1-27-spons&psc=1"
24,"Panasonic 1.5 Ton 5 Star Wi-Fi Twin Cool Inverter Split AC (Copper, PM 2.5 Filter, 2020 Model, CS/CU-NU18WKYW White)","₹ 41,066.00","Panasonic","CS/CU-NU18WKYW","5 Star Rating","1.5 Tons","840.75 Kilowatt Hours","43 dB","Split System","Inverter,dust_filter,antibacterial_coating,dehumidifier, Wifi_control, PM 2.5 Filter","White","Remote Control","230 Volts","Plastic","1 Indoor Unit, 1 Outdoor Unit, 1 Remote Controller, Piping Kit, 2 AAA batteries,User Manual","Yes","Yes","Zinc Carbon","Panasonic India Private Limited","India","https://amazon.in/Panasonic-Inverter-Copper-CS-CU-NU18WKYW/dp/B084365NVF/ref=sr_1_28_sspa?crid=38PBPKRGYG0VE&dchild=1&keywords=samsung+split+ac+1.5+ton+5+star&qid=1611462461&refinements=p_n_feature_eleven_browse-bin%3A2753098031%2Cp_72%3A1318477031&rnid=1318475031&s=kitchen&sprefix=samsung+split+ac%2Caps%2C283&sr=1-28-spons&psc=1"
33,"Godrej 1.5 Ton 5 Star Inverter Split AC (Copper, Anti Bacterial Filter, 2020 Model, GIC 18HTC5-WTA, White)","₹ 36,990.00","Godrej","GIC 18HTC5-WTA","5 Star","1.5 Tons","865.83 Kilowatt Hours","42 dB","Split System","Inverter, Anti Bacterial, Antibacterial_coating, Dust_filter","White","Remote Control","230 Volts","Stainless-Steel","1 Indoor Unit,1 Outdoor Unit, Remote Control, User manual, Warranty Card,Connecting Pipes","Yes","Yes","Zinc Carbon","Godrej & Boyce MFG Co Ltd","China","https://amazon.in/Godrej-Inverter-Copper-GIC-18HTC5-WTA/dp/B083NYWBWK/ref=sr_1_29?crid=38PBPKRGYG0VE&dchild=1&keywords=samsung+split+ac+1.5+ton+5+star&qid=1611462461&refinements=p_n_feature_eleven_browse-bin%3A2753098031%2Cp_72%3A1318477031&rnid=1318475031&s=kitchen&sprefix=samsung+split+ac%2Caps%2C283&sr=1-29"
5,"Samsung 1.5 Ton 3 Star Inverter Split AC (Copper, AR18TY3QBPU, White)","₹ 33,990.00","Samsung","AR18TY3QBPU","3 Star Rating","1.5 Tons","3.5 Kilowatt Hours",,"Split System","Inverter, Dust_filter, Dehumidifier, Air_purifier","White","Remote Control","230 Volts","Plastic","1 Indoor Unit, 1 Outdoor unit, 1 user manual and warranty card, Connecting Tube (3 m), Connecting Wire (3.5 m),Remote,Batteries (AAA)","Yes","Yes","Zinc Carbon","Samsung india Pvt Ltd",,"https://amazon.in/Samsung-Inverter-Split-Copper-AR18TY3QBPU/dp/B0862N4J2M/ref=sr_1_30?crid=38PBPKRGYG0VE&dchild=1&keywords=samsung+split+ac+1.5+ton+5+star&qid=1611462461&refinements=p_n_feature_eleven_browse-bin%3A2753098031%2Cp_72%3A1318477031&rnid=1318475031&s=kitchen&sprefix=samsung+split+ac%2Caps%2C283&sr=1-30"
32,"AmazonBasics 1.5 Ton 3 Star 2019 Split AC with Four Stage air filtration (Copper White)","₹ 25,749.00","AmazonBasics","SOL18FS3","3 Star","1.5 Tons",,"41 dB","Split System","Inverter, Antibacterial_coating, Air purifier, Dust_filter, Dehumidifier, Air_purifier","White","Remote Control","230 Volts","Plastic","1 Indoor Unit 1 Outdoor Unit Inter Connecting Pipe 1 Remote 2 Manuals and 1 Warranty Card",,"No","Alkaline","Solimo","India","https://amazon.in/AmazonBasics-1-5-Star-Inverter-Conditioner/dp/B07L44XM5M/ref=sr_1_31_mod_primary_lightning_deal?crid=38PBPKRGYG0VE&dchild=1&keywords=samsung+split+ac+1.5+ton+5+star&qid=1611462461&refinements=p_n_feature_eleven_browse-bin%3A2753098031%2Cp_72%3A1318477031&rnid=1318475031&s=kitchen&sbo=Tc8eqSFhUl4VwMzbE4fw%2Fw%3D%3D&smid=AT95IG9ONZD7S&sprefix=samsung+split+ac%2Caps%2C283&sr=1-31"
74,"Blue Star 1.5 Ton 5 Star Inverter Split AC (Alloy, 2020 Model, IC518DBTX, White)","₹ 38,491.00","Blue Star","IC518DBTX","5 Star Rating","1.5 Tons","841.67 Kilowatt Hours","41 dB","Split System","Hidden Display:Ensure un-interrupted sleep during the night, without any light display on the AC, Brushless DC Motor:Ensure quiet operation; deliver better performance and enhanced durability for the AC, High Cooling Performance:Designed to deliver powerful cooling during extreme summers with minimum derating, Powerful Mode:Unique fuzzy logic feature,the Powerful mode ensure the AC delivers fastest cooling during extreme summer conditions, ensuring utmost comfort, Long life MCHX Condenser Coil:Backed with 1 plus 4 years additional warranty, the Long life Micro Channel Heat Exchanger provides improved heat transfer and excellent cooling performance, Auto adjustable, Precision Cooling Technology:You can set the temperature precisely, interms of decimal by 0.5 degree celsius, for utmost comfortable cooling, Climate Control:Instantly sets the most desirable cooling mode for different types of climate throughout the year, IFeel:Ensure the desired comfort around you, with our in-built sensor in the remote, Dual User Setting Preference:Allow two users to personalise the AC settings at home, to enjoy the desired cooling experience;two users can personalise and save the settings as per their comfort; and, instantly activate their preferred mode to enjoy comfortable cooling","White","Remote Control","230 Volts","Plastic","1 Indoor Unit, 1 Outdoor Unit, Installation Kit, Manual, Remote and Warranty Card","Yes","Yes","Alkaline","Blue Star","India","https://amazon.in/Blue-Star-Inverter-Split-IC518DBTX/dp/B0843GL1BQ/ref=sr_1_32?crid=38PBPKRGYG0VE&dchild=1&keywords=samsung+split+ac+1.5+ton+5+star&qid=1611462461&refinements=p_n_feature_eleven_browse-bin%3A2753098031%2Cp_72%3A1318477031&rnid=1318475031&s=kitchen&sprefix=samsung+split+ac%2Caps%2C283&sr=1-32"
26,"Panasonic 1.5 Ton 4 Star Wi-Fi Inverter Split AC (Copper, Nanoe air purification technology, 2020 Model, CS/CU-WU18WKYXF, White)","₹ 39,990.00","Panasonic","CS/CU-WU18WKYXF","4 Star Rating","1.5 Tons","1010.08 Kilowatt Hours","48 dB","Split System","Inverter, Antibacterial_coating, Dust_filter, Wifi_control, Dehumidifier, Air_purifier","White","Remote Control","230 Volts","Plastic","1 Indoor Unit, 1 Outdoor Unit, 1 Remote Controller, User Manual, Warranty Card","Yes","Yes","Zinc Carbon","Panasonic","India","https://amazon.in/Panasonic-Inverter-CS-CU-WU18WKYXF-Powered/dp/B085T4MGJY/ref=sr_1_33?crid=38PBPKRGYG0VE&dchild=1&keywords=samsung+split+ac+1.5+ton+5+star&qid=1611462461&refinements=p_n_feature_eleven_browse-bin%3A2753098031%2Cp_72%3A1318477031&rnid=1318475031&s=kitchen&sprefix=samsung+split+ac%2Caps%2C283&sr=1-33"
37,"Whirlpool 1.5 Ton 5 Star Inverter Split AC (Copper, 1.5T MAGICOOL PRO 5S COPR INVERTER, White)","₹ 33,999.00","Whirlpool","1.5T MAGICOOL PRO 5S COPR INV","5 Star Rating","1.5 Tons",,"43 dB","Split System","Inverter, Dust_filter, Dehumidifier","White","Remote Control","230 Volts","Plastic","1 AC, 1 Indoor Unit, 1 Outdoor Unit, 1 User Manual, 1 Remote, Installation Pipe and Wire",,"No","Alkaline","Whirlpool","India","https://amazon.in/Whirlpool-1-5T-MAGICOOL-PRO-COPR/dp/B07P6FV9XV/ref=sr_1_34?crid=38PBPKRGYG0VE&dchild=1&keywords=samsung+split+ac+1.5+ton+5+star&qid=1611462461&refinements=p_n_feature_eleven_browse-bin%3A2753098031%2Cp_72%3A1318477031&rnid=1318475031&s=kitchen&sprefix=samsung+split+ac%2Caps%2C283&sr=1-34"
7,"Godrej 1.5 Ton 2 Star Hot & Cold Split AC (Copper, Anti Bacterial Filter, 2019 Model, GSH 18LTC2-WSA Split White)","₹ 32,490.00","Godrej","GSH 18LTC2-WSA Split","2 Star","1.5 Tons","1168.9 Kilowatt Hours","38 dB","Split System","Inverter, Antibacterial_coating, Heater, Dust_filter, Dehumidifier","White","Remote Control","230 Volts","Stainless-Steel","1 Indoor Unit,1 Outdoor Unit, Remote Control, User manual, Warranty Card,Connecting Pipes","Yes","Yes","Zinc Carbon","Godrej & Boyce Mfg Co Ltd","India","https://amazon.in/Godrej-Split-Copper-GSH-18LTC2-WSA/dp/B083NYQTWM/ref=sr_1_35?crid=38PBPKRGYG0VE&dchild=1&keywords=samsung+split+ac+1.5+ton+5+star&qid=1611462461&refinements=p_n_feature_eleven_browse-bin%3A2753098031%2Cp_72%3A1318477031&rnid=1318475031&s=kitchen&sprefix=samsung+split+ac%2Caps%2C283&sr=1-35"
73,"TCL Elite iECO 1.5 ton 5 Star AI Ultra-Inverter wi-fi enabled Split AC (Copper, TAC-18CSD/V5S, White, Smart Connectivity)","₹ 34,990.00","TCL","TAC-18CSD/V5S","5 Star Rating","1.5 Tons","841 Kilowatt Hours Per Year","45 dB","Split System",,"White","Remote Control","230 Volts","Plastic","Included in the box: 1 Indoor unit, 1 outdoor unit, inter Connecting pipe, 1 remote, 1 Manual, 1 Warranty card, 2 batteries, Set Installation Plates and Screws","Yes","Yes","Zinc Carbon","TCL","China","https://amazon.in/TCL-Ultra-Inverter-TAC-18CSD-V5S-Connectivity/dp/B083STPV8L/ref=sr_1_36?crid=38PBPKRGYG0VE&dchild=1&keywords=samsung+split+ac+1.5+ton+5+star&qid=1611462461&refinements=p_n_feature_eleven_browse-bin%3A2753098031%2Cp_72%3A1318477031&rnid=1318475031&s=kitchen&sprefix=samsung+split+ac%2Caps%2C283&sr=1-36"
71,"Blue Star 1.5 Ton 3 Star Split AC (Copper, 2018 Model, FS318AATX, White)","₹ 30,990.00","Blue Star","FS318AATX","3 Star Rating","1.5 Tons","1076.01 Kilowatt Hours","47 dB","Split System","Auto Restart with Memory:Ensure the AC remember the last set mode of the user, and automatically resume functioning with the same pre-set mode, making it more user friendly and convenient, during power cuts, 2 Way Auto Swing:Ensure comfortable air flow across the room, Hidden Display:Ensure un-interrupted sleep during the night, without any light display on the AC, Self Clean Technology:Ensure clean air; Prohibits the accumulation of any moisture, dust or mold within the indoor unit, Comfort Sleep:Intelligently senses variation in indoor temperature and adjusts the same automatically, to keep you comfortable through the night, Long life MCHX Condenser Coil:Backed with 1 plus 4 years additional warranty, the Long life Micro Channel Heat Exchanger provides improved heat transfer and excellent cooling performance, IFeel:Ensure the desired comfort around you, with our in-built sensor in the remote, Anti Corrosive Gold Fins for Protection:Ensure AC do not form any water or dust deposits, delivering unhindered cooling performance and enhanced durability, Self Diagnosis:Alert the user about any fault in the AC operation immediately, through error display; you can report to Blue Star authorised customer care center for quick resolution","White","Remote Control","230 Volts","Plastic","1N Outdoor Unit- W X H X D : 858 X 536 X 327 mm , Weight: 37 Kg|| 1N Indoor Unit- W X H X D: 965 X 319 X 215 mm , Weight: 12 kg|| 1N Remote|| 1N Manual|| 1N Installation Kit||1 Warranty Card","Yes","Yes","Alkaline","Blue Star Limited","India","https://amazon.in/Blue-Star-Split-FS318AATX-White/dp/B07P96MZXC/ref=sr_1_37_sspa?crid=38PBPKRGYG0VE&dchild=1&keywords=samsung+split+ac+1.5+ton+5+star&qid=1611462461&refinements=p_n_feature_eleven_browse-bin%3A2753098031%2Cp_72%3A1318477031&rnid=1318475031&s=kitchen&sprefix=samsung+split+ac%2Caps%2C283&sr=1-37-spons&psc=1"
36,"LG 1.5 Ton 4 Star Inverter Split AC (Copper, LS-Q18YNYA, Convertible 4-in-1 Cooling, White)","₹ 37,990.00","LG","LS-Q18YNYA","4 Star Rating","1.5 Tons","920.82 Kilowatt Hours","31 dB","Split System","Inverter,dust_filter,antibacterial_coating,dehumidifier","White","Remote Control","230 Volts","Plastic","1 Indoor Unit, 1 Outdoor Unit, Inter Connecting Pipe, 1 Remote, 1 Manuals, 1 Warranty Card, 2 Batteries, Inter connecting wire","Yes","No","Zinc Carbon","LG Electronics","India","https://amazon.in/LG-Inverter-LS-Q18YNYA-Convertible-Cooling/dp/B082TG6BGN/ref=sr_1_38_sspa?crid=38PBPKRGYG0VE&dchild=1&keywords=samsung+split+ac+1.5+ton+5+star&qid=1611462461&refinements=p_n_feature_eleven_browse-bin%3A2753098031%2Cp_72%3A1318477031&rnid=1318475031&s=kitchen&sprefix=samsung+split+ac%2Caps%2C283&sr=1-38-spons&psc=1"
61,"Sanyo 1.5 Ton 3 Star Dual Inverter Split AC (Copper, PM 2.5 Filter, 2020 Model, SI/SO-15T3SCIC White)","₹ 27,990.00","Sanyo","SI/SO-15T3SCIC","3 Star","1.5 Tons","1050.21 Kilowatt Hours","43 dB","Split System","Inverter, Dust_filter, PM 2.5 Filter, Dehumidifier, Air_purifier","White","Remote Control","230 Volts","Plastic","1 Indoor Unit 1 Outdoor Unit 2 Piping Assembly 1 Remote 2 AAA Batteries 1 Indoor to Outdoor Power Supply Cord 1 Indoor to Main Power Supply Cord 1 Assembly Manual 1 Warranty Card","Yes","Yes","Zinc Carbon","Panasonic","India","https://amazon.in/Sanyo-Inverter-Copper-SI-SO-15T3SCIC/dp/B084WCFN9P/ref=sr_1_33_sspa?crid=38PBPKRGYG0VE&dchild=1&keywords=samsung+split+ac+1.5+ton+5+star&qid=1611462461&refinements=p_n_feature_eleven_browse-bin%3A2753098031%2Cp_72%3A1318477031&rnid=1318475031&s=kitchen&sprefix=samsung+split+ac%2Caps%2C283&sr=1-33-spons&psc=1"
54,"LG 1.5 Ton 4 Star Inverter Split AC (Copper, MS-Q18HNYA, Super Convertible 5-in-1, Anti-Virus Protection, White)","₹ 37,990.00","LG","MS-Q18HNYA",,"1.5 Tons","920.82 Kilowatt Hours","31 dB","Split System","Dust Filter, Dehumidifier, Anti-bacterial Filter","White",,"230 Volts",,"1 Indoor Unit, 1 Outdoor Unit, Inter Connecting Pipe, 1 Remote, 2 Manuals with Warranty Card, 2 Batteries","Yes","No","Lithium Manganese Dioxide","LG","India","https://amazon.in/LG-MS-Q18HNYA-Convertible-Anti-Virus-Protection/dp/B08R93PZK5/ref=sr_1_34_sspa?crid=38PBPKRGYG0VE&dchild=1&keywords=samsung+split+ac+1.5+ton+5+star&qid=1611462461&refinements=p_n_feature_eleven_browse-bin%3A2753098031%2Cp_72%3A1318477031&rnid=1318475031&s=kitchen&sprefix=samsung+split+ac%2Caps%2C283&sr=1-34-spons&psc=1"
34,"Godrej 1.5 Ton 2 Star Hot & Cold Split AC (Copper, Anti Bacterial Filter, 2019 Model, GSH 18LTC2-WSA Split White)","₹ 32,490.00","Godrej","GSH 18LTC2-WSA Split","2 Star","1.5 Tons","1168.9 Kilowatt Hours","38 dB","Split System","Inverter, Antibacterial_coating, Heater, Dust_filter, Dehumidifier","White","Remote Control","230 Volts","Stainless-Steel","1 Indoor Unit,1 Outdoor Unit, Remote Control, User manual, Warranty Card,Connecting Pipes","Yes","Yes","Zinc Carbon","Godrej & Boyce Mfg Co Ltd","India","https://amazon.in/Godrej-Split-Copper-GSH-18LTC2-WSA/dp/B083NYQTWM/ref=sr_1_35?crid=38PBPKRGYG0VE&dchild=1&keywords=samsung+split+ac+1.5+ton+5+star&qid=1611462461&refinements=p_n_feature_eleven_browse-bin%3A2753098031%2Cp_72%3A1318477031&rnid=1318475031&s=kitchen&sprefix=samsung+split+ac%2Caps%2C283&sr=1-35"
45,"TCL Elite iECO 1.5 ton 5 Star AI Ultra-Inverter wi-fi enabled Split AC (Copper, TAC-18CSD/V5S, White, Smart Connectivity)","₹ 34,990.00","TCL","TAC-18CSD/V5S","5 Star Rating","1.5 Tons","841 Kilowatt Hours Per Year","45 dB","Split System",,"White","Remote Control","230 Volts","Plastic","Included in the box: 1 Indoor unit, 1 outdoor unit, inter Connecting pipe, 1 remote, 1 Manual, 1 Warranty card, 2 batteries, Set Installation Plates and Screws","Yes","Yes","Zinc Carbon","TCL","China","https://amazon.in/TCL-Ultra-Inverter-TAC-18CSD-V5S-Connectivity/dp/B083STPV8L/ref=sr_1_36?crid=38PBPKRGYG0VE&dchild=1&keywords=samsung+split+ac+1.5+ton+5+star&qid=1611462461&refinements=p_n_feature_eleven_browse-bin%3A2753098031%2Cp_72%3A1318477031&rnid=1318475031&s=kitchen&sprefix=samsung+split+ac%2Caps%2C283&sr=1-36"
38,"Voltas 1.5 Ton 3 Star Split AC (Copper 183DZZ (R32) White)","₹ 29,890.00","Voltas","183DZZ (R32)","3 Star","1.5 Tons","1128.65 Kilowatt Hours","43 dB","Split System","Antibacterial_coating, Dust_filter","White","Remote Control","230 Volts","Plastic","1 indoor Unit, 1 Outdoor Unit, Remote, Manual, Warranty Card, 1 Connecting Pipe, 1 Connecting Cable","No","No","Alkaline","Universal Comfort Products Ltd",,"https://amazon.in/Voltas-Split-Copper-183DZZ-R32/dp/B07SGPNK7V/ref=sr_1_37?crid=38PBPKRGYG0VE&dchild=1&keywords=samsung+split+ac+1.5+ton+5+star&qid=1611462461&refinements=p_n_feature_eleven_browse-bin%3A2753098031%2Cp_72%3A1318477031&rnid=1318475031&s=kitchen&sprefix=samsung+split+ac%2Caps%2C283&sr=1-37"
28,"LG 1.5 Ton 5 Star Inverter Split AC (Copper KS-Q18FNZD Floral White)","₹ 41,750.00","LG","KS-Q18FNZD","5 Star Rating","1.5 Tons",,"31 dB","Split System","Inverter,dust_filter,Micro Dust Protection Filter(3M),dehumidifier, 4 Way swing","Floral White","Remote Control","230 Volts","Plastic","1 Indoor unit, 1 outdoor unit, inter Connecting pipe, 1 remote, 1 Manual, 1 Warranty card, 2 batteries, inter Connecting wire","Yes","Yes","Zinc Carbon","LG Electronics India Pvt. Ltd.",,"https://amazon.in/LG-Inverter-Copper-KS-Q18FNZD-Floral/dp/B07M5GMSGX/ref=sr_1_38?crid=38PBPKRGYG0VE&dchild=1&keywords=samsung+split+ac+1.5+ton+5+star&qid=1611462461&refinements=p_n_feature_eleven_browse-bin%3A2753098031%2Cp_72%3A1318477031&rnid=1318475031&s=kitchen&sprefix=samsung+split+ac%2Caps%2C283&sr=1-38"
39,"Blue Star 1.5 Ton 5 Star Window AC (Copper 5W18GBT White)","₹ 27,990.00","Blue Star","5W18GBT","5 Star Rating","1.5 Tons","1161.16 Kilowatt Hours","50 dB","Window","Auto Restart with Memory:Ensure the AC remember the last set mode of the user, and automatically resume functioning with the same pre-set mode, making it more user friendly and convenient, during power cuts, R32 Eco-Friendly Refrigerant:Enables the AC to deliver High Performance cooling with Great Energy Efficiency while having Zero Ozone depleting properties and Very Low Global Warming Potential (GWP), High Energy Efficiency Rotary Compressor:Designed to enhance cooling performance at low energy consumption levels, increasing AC efficiency, Metal Enclosure for PCB:Protect AC, acting as fire resistance; shield the electrical components of the PCB circuit from any kind of heat damage or fire, Anti Freeze Thermostat:Protect AC system from freezing, providing extra durability and stability, Comfort Sleep:Intelligently senses variation in indoor temperature and adjusts the same automatically, to keep you comfortable through the night, Hydrophilic Blue Fins for Protection:Ensure AC do not form any water or dust deposits, delivering unhindered cooling performance and enhanced durability, 4 Cooling Modes:Programmed mode, for comfort cooling during different ambient conditions, Self Diagnosis:Alert the user about any fault in the AC operation immediately, through error display; you can report to Blue Star authorised customer care center for quick resolution","White","Remote Control","230 Volts","Plastic","1N Indoor Unit- W X H X D : 660 x 430 x 770 mm , Weight: 60 Kg|| 1N Remote|| 2N Battery|| 1N Manual|| 1N Installation Kit||1 Warranty Card","No","No","Alkaline","Blue Star Limited","India","https://amazon.in/Blue-Star-Window-Copper-5W18GBT/dp/B07VQJKLGS/ref=sr_1_39?crid=38PBPKRGYG0VE&dchild=1&keywords=samsung+split+ac+1.5+ton+5+star&qid=1611462461&refinements=p_n_feature_eleven_browse-bin%3A2753098031%2Cp_72%3A1318477031&rnid=1318475031&s=kitchen&sprefix=samsung+split+ac%2Caps%2C283&sr=1-39"
29,"Whirlpool 1.5 Ton 3 Star Inverter Split AC (Copper, 1.5T MAGICOOL PRO+ 3S COPR INVERTER, White)","₹ 29,990.00","Whirlpool","1.5T MAGICOOL PRO+ 3S COPR INV","3 Star Rating","1.5 Tons",,"43 dB","Split System","Inverter, Dust_filter, Dehumidifier, Air_purifier","White","Remote Control","230 Volts","Plastic","1 AC, 1 Indoor Unit, 1 Outdoor Unit, 1 User Manual, 1 Remote, Installation Pipe and Wire",,"No","Alkaline","Whirlpool","India","https://amazon.in/Whirlpool-1-5T-MAGICOOL-PRO-COPR/dp/B07P5HJJW8/ref=sr_1_40?crid=38PBPKRGYG0VE&dchild=1&keywords=samsung+split+ac+1.5+ton+5+star&qid=1611462461&refinements=p_n_feature_eleven_browse-bin%3A2753098031%2Cp_72%3A1318477031&rnid=1318475031&s=kitchen&sprefix=samsung+split+ac%2Caps%2C283&sr=1-40"
67,"LG 1.5 Ton 5 Star Inverter Split AC (Copper, 2020 Model, LS-Q18GWZA, White & Gold Deco Strip)","₹ 42,502.00","LG","LS-Q18GWZA","5 Star Rating","1.5 Tons","835.5 Kilowatt Hours",,"Split System","Inverter, Dust_filter, Dehumidifier","White & Gold Deco Strip","Remote Control","230 Volts","Plastic","Included in the box: 1 Indoor unit, 1 outdoor unit, inter Connecting pipe, 1 remote, 1 Manual, 1 Warranty card, 2 batteries, inter Connecting wire","Yes","No","Zinc Carbon","LG",,"https://amazon.in/LG-Inverter-Convertible-Cooling-Control/dp/B084D79MGQ/ref=sr_1_41?crid=38PBPKRGYG0VE&dchild=1&keywords=samsung+split+ac+1.5+ton+5+star&qid=1611462461&refinements=p_n_feature_eleven_browse-bin%3A2753098031%2Cp_72%3A1318477031&rnid=1318475031&s=kitchen&sprefix=samsung+split+ac%2Caps%2C283&sr=1-41"
8,"Panasonic 1.5 Ton 3 Star Wi-Fi Twin Cool Inverter Split AC (Copper, PM 2.5 Filter, 2020 Model, CS/CU-SU18WKYTW White)","₹ 34,999.00","Panasonic","CS/CU-SU18WKYTW","3 Star Rating","1.5 Tons","1028.68 Kilowatt Hours","43 dB","Split System","Inverter,dust_filter,antibacterial_coating,dehumidifier, Wifi_control, PM 2.5 Filter","White","Remote Control","230 Volts","Plastic","1 Indoor Unit, 1 Outdoor Unit, 1 Remote Controller, Piping Kit, 2 AAA batteries,User Manual","Yes","Yes","Zinc Carbon","Panasonic India Private Limited","India","https://amazon.in/Panasonic-Inverter-Copper-CS-CU-SU18WKYTW/dp/B08436LGBX/ref=sr_1_42?crid=38PBPKRGYG0VE&dchild=1&keywords=samsung+split+ac+1.5+ton+5+star&qid=1611462461&refinements=p_n_feature_eleven_browse-bin%3A2753098031%2Cp_72%3A1318477031&rnid=1318475031&s=kitchen&sprefix=samsung+split+ac%2Caps%2C283&sr=1-42"
72,"Panasonic 1.5 Ton 5 Star Wi-Fi Inverter Split AC (Copper, Nanoe air purification technology, 2020 Model, CS/CU-XU18WKYF, White)","₹ 44,100.00","Panasonic","CS/CU-XU18WKYF","5 Star Rating","1.5 Tons","848.28 Kilowatt Hours",,"Split System","Inverter, Antibacterial_coating, Dust_filter, Wifi_control, Dehumidifier, Air_purifier","White","Remote Control","230 Volts","Plastic","1 Indoor Unit, 1 Outdoor Unit, 1 Remote Controller,User Manual, Warranty Card","Yes","Yes","Zinc Carbon","Panasonic","India","https://amazon.in/Panasonic-Inverter-CS-CU-XU18WKYF-Powered/dp/B0862QQMNB/ref=sr_1_43_sspa?crid=38PBPKRGYG0VE&dchild=1&keywords=samsung+split+ac+1.5+ton+5+star&qid=1611462461&refinements=p_n_feature_eleven_browse-bin%3A2753098031%2Cp_72%3A1318477031&rnid=1318475031&s=kitchen&sprefix=samsung+split+ac%2Caps%2C283&sr=1-43-spons&psc=1"
57,"Blue Star 1.5 Ton 5 Star Inverter Split AC (Copper, IC518DBTU, Auto Adjustable, 2020 Model, White)","₹ 40,999.00","Blue Star","IC518DBTU","5 Star Rating","1.5 Tons","856.63 Kilowatt Hours","41 dB","Split System","Inverter, Dust_filter, Auto adjustable, Dehumidifier","White","Remote Control","230 Volts","Plastic","1N Outdoor Unit- W X H X D : 968 x 652.5 x 367 mm , Weight: 34 Kg|| 1N Indoor Unit- W X H X D: 960 x 320 x 215 mm , Weight: 12 kg|| 1N Remote|| 1N Manual|| 1N Installation Kit ||1 Warranty Card","Yes","Yes","Alkaline","Blue Star Limited","India","https://amazon.in/Blue-Star-Inverter-Copper-IC518DBTU/dp/B0843GL3NT/ref=sr_1_44_sspa?crid=38PBPKRGYG0VE&dchild=1&keywords=samsung+split+ac+1.5+ton+5+star&qid=1611462461&refinements=p_n_feature_eleven_browse-bin%3A2753098031%2Cp_72%3A1318477031&rnid=1318475031&s=kitchen&sprefix=samsung+split+ac%2Caps%2C283&sr=1-44-spons&psc=1"
60,"Daikin 1.5 Ton 4 Star Inverter Split AC (Copper, PM 2.5 Filter, 2018 Model, FTKP50TV, White)","₹ 36,900.00","Daikin","FTKP50TV","4 Star Rating","1.5 Tons",,"35 dB","Split System","Inverter,dust_filter, PM 2.5 Filter","White","Remote Control","230 Volts","Plastic","1 Indoor Unit, 1 Outdoor Unit, Inter Connecting Pipe, 1 Remote, 3 Manuals, 1 Warranty Card","Yes","No","Zinc","Daikin Airconditioning India Pvt. Ltd.","India","https://amazon.in/Daikin-Inverter-Split-Copper-FTKP50TV/dp/B07HFFGF22/ref=sr_1_45?crid=38PBPKRGYG0VE&dchild=1&keywords=samsung+split+ac+1.5+ton+5+star&qid=1611462461&refinements=p_n_feature_eleven_browse-bin%3A2753098031%2Cp_72%3A1318477031&rnid=1318475031&s=kitchen&sprefix=samsung+split+ac%2Caps%2C283&sr=1-45"
13,"Daikin 1.5 Ton 5 Star Inverter Split AC (Copper, Anti Microbial Filter, 2018 Model,FTKF50TV White)","₹ 47,199.00","Daikin","FTKF50TV","5 Star Rating","1.5 Tons",,"32 dB","Split System","Inverter,dust_filter, Anti microbial filter","White","Remote Control","230 Volts","Plastic","1 Indoor Unit, 1 Outdoor Unit, Inter Connecting Pipe, 1 Remote, 3 Manuals, 1 Warranty Card","Yes","No","Zinc","Daikin Airconditioning India Pvt. Ltd.",,"https://amazon.in/Daikin-Inverter-Split-Copper-FTKF50TV/dp/B07HFK5FSD/ref=sr_1_46?crid=38PBPKRGYG0VE&dchild=1&keywords=samsung+split+ac+1.5+ton+5+star&qid=1611462461&refinements=p_n_feature_eleven_browse-bin%3A2753098031%2Cp_72%3A1318477031&rnid=1318475031&s=kitchen&sprefix=samsung+split+ac%2Caps%2C283&sr=1-46"
15,"Voltas 1.5 Ton 3 Star Inverter Split AC (Copper 183V CZT3 (R32) White)","₹ 30,490.00","Voltas","183V CZT3 (R32)","3 Star","1.5 Tons",,"48 dB","Split System","Inverter, Dust_filter","White","Remote Control","230 Volts","Plastic","1 indoor Unit, 1 Outdoor Unit, Remote, Manual, Warranty Card, 1 Connecting Pipe, 1 Connecting Cable","No","No","Alkaline","Universal Comfort Products Ltd",,"https://amazon.in/Voltas-Inverter-183V-CZT3-R32/dp/B07P2L4XTF/ref=sr_1_47?crid=38PBPKRGYG0VE&dchild=1&keywords=samsung+split+ac+1.5+ton+5+star&qid=1611462461&refinements=p_n_feature_eleven_browse-bin%3A2753098031%2Cp_72%3A1318477031&rnid=1318475031&s=kitchen&sprefix=samsung+split+ac%2Caps%2C283&sr=1-47"
6,"Hitachi 1.5 Ton 3 Star Window AC (RAW318KUD New Kaze Plus White)","₹ 24,990.00","Hitachi","RAW318KUD","3 Star","1.5 Tons",,"50 dB","Window","Anti-bacterial Filter","White","Remote Control","230 Volts",,"1 Unit, 1 Remote, 1 Manuals, 1 Warranty Card","No","No","Alkaline","JOHNSON CONTROLS-HITACHI AIRCONDITIONING INDIA LIMITED","India","https://amazon.in/Hitachi-Star-Window-RAW318KUD-White/dp/B00LHO9YTQ/ref=sr_1_48?crid=38PBPKRGYG0VE&dchild=1&keywords=samsung+split+ac+1.5+ton+5+star&qid=1611462461&refinements=p_n_feature_eleven_browse-bin%3A2753098031%2Cp_72%3A1318477031&rnid=1318475031&s=kitchen&sprefix=samsung+split+ac%2Caps%2C283&sr=1-48"
19,"IFB 1.5 Ton 5 Star Inverter Split AC (Copper, IACI18GB5G3C, Ivory)","₹ 42,990.00","IFB","IACI18GB5G3C","5 Star Rating","1.5 Tons","857 Kilowatt Hours","38 dB","Split System","Inverter, Antibacterial_coating, Dust_filter, Dehumidifier, Air_purifier","Ivory","Remote Control","230 Volts","Plastic","1 Indoor Unit, 1 Outdoor Unit, Connecting kit, Remote,User Manual,warranty card",,"No",,"IFB","India","https://amazon.in/IFB-Inverter-Split-Copper-IACI18GB5G3C/dp/B0866MKVLT/ref=sr_1_49?crid=38PBPKRGYG0VE&dchild=1&keywords=samsung+split+ac+1.5+ton+5+star&qid=1611462461&refinements=p_n_feature_eleven_browse-bin%3A2753098031%2Cp_72%3A1318477031&rnid=1318475031&s=kitchen&sprefix=samsung+split+ac%2Caps%2C283&sr=1-49"
16,"TOSHIBA 1.5 Ton 5 Star Inverter Split AC (Copper, RAS-18N3KCV-IN+RAS-18N3ACV-IN, Gloss White)",,"TOSHIBA","RAS-18N3KCV-IN+RAS-18N3ACV-IN","5 Star Rating","1.5 Tons",,"32 dB","Split System","Inverter, Antibacterial_coating, Dust_filter","Gloss White","Remote Control","230 Volts","Plastic","Air Conditioner (IDU + ODU)","Yes","No","Zinc Carbon","TOSHIBA Carrier Thailand Corporation Ltd",,"https://amazon.in/Toshiba-Inverter-Copper-RAS-18N3KCV-RAS-18N3ACV/dp/B07NXGZQSC/ref=sr_1_50?crid=38PBPKRGYG0VE&dchild=1&keywords=samsung+split+ac+1.5+ton+5+star&qid=1611462461&refinements=p_n_feature_eleven_browse-bin%3A2753098031%2Cp_72%3A1318477031&rnid=1318475031&s=kitchen&sprefix=samsung+split+ac%2Caps%2C283&sr=1-50"
48,"CROMA Copper 3 Star Split Inverter AC with Installation (1.5 Ton, CRAC7557, White)",,"CROMA","CRAC7557","3 Star","1.5 Tons","1025.84 Kilowatt Hours","41 dB","Split System","High Density Filter, Copper Condenser, Energy Saving Mode","White",,,,,"No","No",,"CROMA","China","https://amazon.in/CROMA-INV-1-5T-CRAC7557-PAC/dp/B07NL4FXK2/ref=sr_1_51?crid=38PBPKRGYG0VE&dchild=1&keywords=samsung+split+ac+1.5+ton+5+star&qid=1611462461&refinements=p_n_feature_eleven_browse-bin%3A2753098031%2Cp_72%3A1318477031&rnid=1318475031&s=kitchen&sprefix=samsung+split+ac%2Caps%2C283&sr=1-51"
14,"Lloyd 1.5 Ton 3 Star Inverter Split AC (Copper LS18I32AL White)","₹ 36,671.00","Lloyd","LS18I32AL","3 Star","1.5 Tons",,"41 dB","Split System","Inverter, Antibacterial_coating, Dust_filter, Dehumidifier, Air_purifier","White","Remote Control","230 Volts","Steel","1 Indoor Unit 1 Outdoor Unit Inter Connecting Pipe 1 Remote 3 Manuals and 1 Warranty Card","Yes","Yes","Alkaline","Havells India Limited",,"https://amazon.in/Lloyd-Inverter-Split-Copper-LS18I32AL/dp/B07ND9CRTB/ref=sr_1_52?crid=38PBPKRGYG0VE&dchild=1&keywords=samsung+split+ac+1.5+ton+5+star&qid=1611462461&refinements=p_n_feature_eleven_browse-bin%3A2753098031%2Cp_72%3A1318477031&rnid=1318475031&s=kitchen&sprefix=samsung+split+ac%2Caps%2C283&sr=1-52"
53,"Blue Star 1.5 Ton 3 Star Split AC (Copper, 2018 Model, FS318AATU, White)","₹ 32,717.00","Blue Star","FS318AATU","3 Star Rating","1.5 Tons","1122.45 Kilowatt Hours","58 dB","Split System","Auto Restart with Memory:Ensure the AC remember the last set mode of the user, and automatically resume functioning with the same pre-set mode, making it more user friendly and convenient, during power cuts, 100% Copper :Blue Star air conditioners condenser coil,evaporator coil and connecting tubes are made of 100% copper, thereby ensuring reliable cooling performance, and longer durability, 2 Way Auto Swing:Ensure comfortable air flow across the room, Hidden Display:Ensure un-interrupted sleep during the night, without any light display on the AC, Self Clean Technology:Ensure clean air; Prohibits the accumulation of any moisture, dust or mold within the indoor unit, Comfort Sleep:Intelligently senses variation in indoor temperature and adjusts the same automatically, to keep you comfortable through the night, IFeel:Ensure the desired comfort around you, with our in-built sensor in the remote, Turbo Cool:Ensure faster more effective cooling in few minutes during summers, Anti Corrosive Gold Fins for Protection:Ensure AC do not form any water or dust deposits, delivering unhindered cooling performance and enhanced durability","White","Remote Control","230 Volts","Plastic","1N Outdoor Unit- W X H X D : 968 X 652.5 X 367 mm , Weight: 44 Kg|| 1N Indoor Unit- W X H X D: 965 X 319 X 215 mm , Weight: 12 kg|| 1N Remote|| 1N Manual|| 1N Installation Kit||1 Warranty Card","No","No","Alkaline","Blue Star Limited","India","https://amazon.in/Blue-Star-Split-Copper-FS318AATU/dp/B07YBBCT9P/ref=sr_1_53_sspa?crid=38PBPKRGYG0VE&dchild=1&keywords=samsung+split+ac+1.5+ton+5+star&qid=1611462461&refinements=p_n_feature_eleven_browse-bin%3A2753098031%2Cp_72%3A1318477031&rnid=1318475031&s=kitchen&sprefix=samsung+split+ac%2Caps%2C283&sr=1-53-spons&psc=1"
20,"Daikin 1.5 Ton 5 Star Wi-Fi Inverter Split AC (Copper, Anti Microbial Filter, 2018 Model, FTKR50TV, White)","₹ 49,490.00","Daikin","FTKR50TV","5 Star Rating","1.5 Tons","824.08 Kilowatt Hours","35 dB","Split System","Inverter, Dust_filter, Wifi_control, Anti microbial filter","White","Remote Control","230 Volts","Plastic","1 Indoor Unit, 1 Outdoor Unit, Inter Connecting Pipe, 1 Remote, 3 Manuals, 1 Warranty Card","Yes","No","Zinc","Daikin Airconditioning India Pvt. Ltd.","India","https://amazon.in/Daikin-Wi-Fi-Inverter-Copper-FTKR50TV/dp/B07QDSN48M/ref=sr_1_54_sspa?crid=38PBPKRGYG0VE&dchild=1&keywords=samsung+split+ac+1.5+ton+5+star&qid=1611462461&refinements=p_n_feature_eleven_browse-bin%3A2753098031%2Cp_72%3A1318477031&rnid=1318475031&s=kitchen&sprefix=samsung+split+ac%2Caps%2C283&sr=1-54-spons&psc=1"
50,"Sanyo 1.5 Ton 3 Star Dual Inverter Split AC (Copper, PM 2.5 Filter, 2020 Model, SI/SO-15T3SCIC White)","₹ 27,990.00","Sanyo","SI/SO-15T3SCIC","3 Star","1.5 Tons","1050.21 Kilowatt Hours","43 dB","Split System","Inverter, Dust_filter, PM 2.5 Filter, Dehumidifier, Air_purifier","White","Remote Control","230 Volts","Plastic","1 Indoor Unit 1 Outdoor Unit 2 Piping Assembly 1 Remote 2 AAA Batteries 1 Indoor to Outdoor Power Supply Cord 1 Indoor to Main Power Supply Cord 1 Assembly Manual 1 Warranty Card","Yes","Yes","Zinc Carbon","Panasonic","India","https://amazon.in/Sanyo-Inverter-Copper-SI-SO-15T3SCIC/dp/B084WCFN9P/ref=sr_1_49_sspa?crid=38PBPKRGYG0VE&dchild=1&keywords=samsung+split+ac+1.5+ton+5+star&qid=1611462461&refinements=p_n_feature_eleven_browse-bin%3A2753098031%2Cp_72%3A1318477031&rnid=1318475031&s=kitchen&sprefix=samsung+split+ac%2Caps%2C283&sr=1-49-spons&psc=1"
9,"LG 1.5 Ton 4 Star Inverter Split AC (Copper, MS-Q18HNYA, Super Convertible 5-in-1, Anti-Virus Protection, White)","₹ 37,990.00","LG","MS-Q18HNYA",,"1.5 Tons","920.82 Kilowatt Hours","31 dB","Split System","Dust Filter, Dehumidifier, Anti-bacterial Filter","White",,"230 Volts",,"1 Indoor Unit, 1 Outdoor Unit, Inter Connecting Pipe, 1 Remote, 2 Manuals with Warranty Card, 2 Batteries","Yes","No","Lithium Manganese Dioxide","LG","India","https://amazon.in/LG-MS-Q18HNYA-Convertible-Anti-Virus-Protection/dp/B08R93PZK5/ref=sr_1_50_sspa?crid=38PBPKRGYG0VE&dchild=1&keywords=samsung+split+ac+1.5+ton+5+star&qid=1611462461&refinements=p_n_feature_eleven_browse-bin%3A2753098031%2Cp_72%3A1318477031&rnid=1318475031&s=kitchen&sprefix=samsung+split+ac%2Caps%2C283&sr=1-50-spons&psc=1"
66,"Voltas 1.5 Ton 3 Star Window AC (Copper 183 DZA/ 183 DZA R32 White)","₹ 26,900.00","Voltas","183 DZA","3 Star","1.5 Tons",,"58 dB","Window","Dehumidifier","White","Remote Control","230 Volts","Polycarbonate","1 main Unit, Remote, Manual, Warranty Card","No","No","Alkaline","Universal Comfort Products Ltd",,"https://amazon.in/Voltas-Window-Copper-183-DZA/dp/B079MD9LHP/ref=sr_1_51?crid=38PBPKRGYG0VE&dchild=1&keywords=samsung+split+ac+1.5+ton+5+star&qid=1611462461&refinements=p_n_feature_eleven_browse-bin%3A2753098031%2Cp_72%3A1318477031&rnid=1318475031&s=kitchen&sprefix=samsung+split+ac%2Caps%2C283&sr=1-51"
17,"Toshiba 1.5 Ton 5 Star Inverter Split AC (Copper, Prodig.i3,RAS-18PKCV2G-IN, Gloss White)","₹ 56,500.00","TOSHIBA","RAS-18PKCV2G-IN+RAS-18PACV2G-IN","5 Star Rating","1.5 Tons",,"35 dB","Split System","Inverter, Antibacterial_coating, Dust_filter","Gloss White","Remote Control","230 Volts","Plastic","Air Conditioner (IDU + ODU)","Yes","No","Zinc Carbon","TOSHIBA Carrier Thailand Corporation Ltd","Thailand","https://amazon.in/Toshiba-Inverter-Copper-Prodig-i3-RAS-18PKCV2G/dp/B07NX4FDYK/ref=sr_1_52?crid=38PBPKRGYG0VE&dchild=1&keywords=samsung+split+ac+1.5+ton+5+star&qid=1611462461&refinements=p_n_feature_eleven_browse-bin%3A2753098031%2Cp_72%3A1318477031&rnid=1318475031&s=kitchen&sprefix=samsung+split+ac%2Caps%2C283&sr=1-52"
55,"Whirlpool 1.5 Ton 3 Star Inverter Split AC (Copper, 1.5T MagiCool 3S COPR Inverter, White)","₹ 29,990.00","Whirlpool","1.5T MagiCool 3S COPR","3 Star Rating","1.5 Tons",,"43 dB","Split System","Inverter, Dehumidifier","White","Remote Control","230 Volts","Plastic","1 Indoor Unit, 1 Outdoor Unit, 1 User Manual, 1 Remote, Installation Pipe and Wire","No","No","Alkaline","Whirlpool of India Limited","India","https://amazon.in/Whirlpool-1-5T-MagiCool-3S-COPR/dp/B079R7DKRF/ref=sr_1_53?crid=38PBPKRGYG0VE&dchild=1&keywords=samsung+split+ac+1.5+ton+5+star&qid=1611462461&refinements=p_n_feature_eleven_browse-bin%3A2753098031%2Cp_72%3A1318477031&rnid=1318475031&s=kitchen&sprefix=samsung+split+ac%2Caps%2C283&sr=1-53"
43,"Panasonic 1.5 Ton 5 Star Wi-Fi Inverter Split AC (Copper, Nanoe air purification technology, 2020 Model, CS/CU-XU18WKYF, White)","₹ 44,100.00","Panasonic","CS/CU-XU18WKYF","5 Star Rating","1.5 Tons","848.28 Kilowatt Hours",,"Split System","Inverter, Antibacterial_coating, Dust_filter, Wifi_control, Dehumidifier, Air_purifier","White","Remote Control","230 Volts","Plastic","1 Indoor Unit, 1 Outdoor Unit, 1 Remote Controller,User Manual, Warranty Card","Yes","Yes","Zinc Carbon","Panasonic","India","https://amazon.in/Panasonic-Inverter-CS-CU-XU18WKYF-Powered/dp/B0862QQMNB/ref=sr_1_54_sspa?crid=38PBPKRGYG0VE&dchild=1&keywords=samsung+split+ac+1.5+ton+5+star&qid=1611462461&refinements=p_n_feature_eleven_browse-bin%3A2753098031%2Cp_72%3A1318477031&rnid=1318475031&s=kitchen&sprefix=samsung+split+ac%2Caps%2C283&sr=1-54-spons&psc=1"
4,"Blue Star 1.5 Ton 3 Star Split AC (Copper, 2018 Model, FS318AATU, White)","₹ 32,717.00","Blue Star","FS318AATU","3 Star Rating","1.5 Tons","1122.45 Kilowatt Hours","58 dB","Split System","Auto Restart with Memory:Ensure the AC remember the last set mode of the user, and automatically resume functioning with the same pre-set mode, making it more user friendly and convenient, during power cuts, 100% Copper :Blue Star air conditioners condenser coil,evaporator coil and connecting tubes are made of 100% copper, thereby ensuring reliable cooling performance, and longer durability, 2 Way Auto Swing:Ensure comfortable air flow across the room, Hidden Display:Ensure un-interrupted sleep during the night, without any light display on the AC, Self Clean Technology:Ensure clean air; Prohibits the accumulation of any moisture, dust or mold within the indoor unit, Comfort Sleep:Intelligently senses variation in indoor temperature and adjusts the same automatically, to keep you comfortable through the night, IFeel:Ensure the desired comfort around you, with our in-built sensor in the remote, Turbo Cool:Ensure faster more effective cooling in few minutes during summers, Anti Corrosive Gold Fins for Protection:Ensure AC do not form any water or dust deposits, delivering unhindered cooling performance and enhanced durability","White","Remote Control","230 Volts","Plastic","1N Outdoor Unit- W X H X D : 968 X 652.5 X 367 mm , Weight: 44 Kg|| 1N Indoor Unit- W X H X D: 965 X 319 X 215 mm , Weight: 12 kg|| 1N Remote|| 1N Manual|| 1N Installation Kit||1 Warranty Card","No","No","Alkaline","Blue Star Limited","India","https://amazon.in/Blue-Star-Split-Copper-FS318AATU/dp/B07YBBCT9P/ref=sr_1_55_sspa?crid=38PBPKRGYG0VE&dchild=1&keywords=samsung+split+ac+1.5+ton+5+star&qid=1611462461&refinements=p_n_feature_eleven_browse-bin%3A2753098031%2Cp_72%3A1318477031&rnid=1318475031&s=kitchen&sprefix=samsung+split+ac%2Caps%2C283&sr=1-55-spons&psc=1"
68,"Voltas 1.5 Ton 3 Star Split AC (Copper 183DZZ White)",,"Voltas","183DZZ","3 Star","1.5 Tons",,"44 dB","Split System","Dehumidifier","White","Remote Control","230 Volts","Plastic","1 Indoor Unit 1 Outdoor Unit Inter Connecting Pipe 1 Remote 1 Manual and 1 Warranty Card","No","No","NiMH","Voltas",,"https://amazon.in/Voltas-Split-Copper-183DZZ-White/dp/B07N8FJJHD/ref=sr_1_56?crid=38PBPKRGYG0VE&dchild=1&keywords=samsung+split+ac+1.5+ton+5+star&qid=1611462461&refinements=p_n_feature_eleven_browse-bin%3A2753098031%2Cp_72%3A1318477031&rnid=1318475031&s=kitchen&sprefix=samsung+split+ac%2Caps%2C283&sr=1-56"
25,"Hitachi 1.5 Ton 5 Star Window AC (RAT518HUD Summer TM White)",,"Hitachi","RAT518HUD","5 Star","1.5 Tons",,"40 dB","Window","Anti-bacterial Filter","White","Remote Control","230 Volts",,"1 Unit, 1 Remote, 1 Manuals, 1 Warranty Card","No","No","Alkaline","JOHNSON CONTROLS-HITACHI AIRCONDITIONING INDIA LIMITED",,"https://amazon.in/Hitachi-Window-RAT518HUD-Summer-White/dp/B00LHO9RW0/ref=sr_1_57?crid=38PBPKRGYG0VE&dchild=1&keywords=samsung+split+ac+1.5+ton+5+star&qid=1611462461&refinements=p_n_feature_eleven_browse-bin%3A2753098031%2Cp_72%3A1318477031&rnid=1318475031&s=kitchen&sprefix=samsung+split+ac%2Caps%2C283&sr=1-57"
65,"Voltas 1.5 Ton 3 Star Inverter Split AC (Copper, 183V CZT/183 VCZT2, White)",,"Voltas","183V CZT","3 Star","1.5 Tons",,"48 dB","Split System","Inverter, Dust_filter, Dehumidifier","White","Remote Control","230 Volts","Plastic","1 Indoor Unit 1 Outdoor Unit Inter Connecting Pipe 1 Remote Manual and 1 Warranty Card","No","No","Alkaline","Voltas",,"https://amazon.in/Voltas-Inverter-Copper-183V-CZT/dp/B079Q9VNWQ/ref=sr_1_58?crid=38PBPKRGYG0VE&dchild=1&keywords=samsung+split+ac+1.5+ton+5+star&qid=1611462461&refinements=p_n_feature_eleven_browse-bin%3A2753098031%2Cp_72%3A1318477031&rnid=1318475031&s=kitchen&sprefix=samsung+split+ac%2Caps%2C283&sr=1-58"
79,"Lloyd 1.5 Ton 5 Star Window AC (Copper LW19B52EW White)",,"Lloyd","LW19B52EW","5 Star","1.5 Tons",,"41 dB","Window","Dehumidifier","White","Remote Control","230 Volts","Steel","1 AC Unit 1 Remote 3 Manuals 1 Warranty Card","Yes","Yes","Alkaline","Havells India Limited",,"https://amazon.in/Lloyd-Window-Copper-LW19B52EW-White/dp/B07ND943ZS/ref=sr_1_59?crid=38PBPKRGYG0VE&dchild=1&keywords=samsung+split+ac+1.5+ton+5+star&qid=1611462461&refinements=p_n_feature_eleven_browse-bin%3A2753098031%2Cp_72%3A1318477031&rnid=1318475031&s=kitchen&sprefix=samsung+split+ac%2Caps%2C283&sr=1-59"
2,"Daikin 1.5 Ton 5 Star Wi-Fi Inverter Split AC (Copper, Anti Microbial Filter, 2018 Model, FTKR50TV, White)","₹ 49,490.00","Daikin","FTKR50TV","5 Star Rating","1.5 Tons","824.08 Kilowatt Hours","35 dB","Split System","Inverter, Dust_filter, Wifi_control, Anti microbial filter","White","Remote Control","230 Volts","Plastic","1 Indoor Unit, 1 Outdoor Unit, Inter Connecting Pipe, 1 Remote, 3 Manuals, 1 Warranty Card","Yes","No","Zinc","Daikin Airconditioning India Pvt. Ltd.","India","https://amazon.in/Daikin-Wi-Fi-Inverter-Copper-FTKR50TV/dp/B07QDSN48M/ref=sr_1_60_sspa?crid=38PBPKRGYG0VE&dchild=1&keywords=samsung+split+ac+1.5+ton+5+star&qid=1611462461&refinements=p_n_feature_eleven_browse-bin%3A2753098031%2Cp_72%3A1318477031&rnid=1318475031&s=kitchen&sprefix=samsung+split+ac%2Caps%2C283&sr=1-60-spons&psc=1"
40,"Daikin 1.5 Ton 5 Star Inverter Split AC (Copper, Anti Microbial Filter, 2018 Model, FTKG50TV White)","₹ 41,900.00","Daikin","FTKG50TV","5 Star Rating","1.5 Tons","824 Kilowatt Hours","35 dB","Split System","Inverter, Antibacterial_coating, Dust_filter, Anti microbial filter","White","Remote Control","230 Volts","Plastic","1 Indoor Unit, 1 Outdoor Unit, Inter Connecting Pipe, 1 Remote, 3 Manuals, 1 Warranty Card","Yes","No","Zinc","Daikin Airconditioning India Pvt. Ltd.","India","https://amazon.in/Daikin-Inverter-Split-Copper-FTKG50TV16U/dp/B07QMBVPGY/ref=sr_1_61_sspa?crid=38PBPKRGYG0VE&dchild=1&keywords=samsung+split+ac+1.5+ton+5+star&qid=1611462461&refinements=p_n_feature_eleven_browse-bin%3A2753098031%2Cp_72%3A1318477031&rnid=1318475031&s=kitchen&sprefix=samsung+split+ac%2Caps%2C283&sr=1-61-spons&psc=1"